category,local_filename,caption,source_url
portfolio,portfolio-039b761d274b590324ff22345b838eeff0c78cdb.jpg,Experience the rejuvenating power of the VIP CO2 Lift Mask – for skin that glows with…,https://static.glossgenius.com/public/portfolioimage/039b761d274b590324ff22345b838eeff0c78cdb/image/medium-f4c416dc7a238dde4406906230ba659b.jpeg
portfolio,portfolio-057fe5ed7318dab0009373e2314a81e3fad9146d.jpg,Real client results at Land Aesthetics,https://static.glossgenius.com/public/portfolioimage/057fe5ed7318dab0009373e2314a81e3fad9146d/image/medium-e83bb51f7f9dc82876664835e82b7f94.jpeg
portfolio,portfolio-060cb3bfe3f9854d7c9c208eeb9d82a1cf155ac2.jpg,Real client results at Land Aesthetics,https://static.glossgenius.com/public/portfolioimage/060cb3bfe3f9854d7c9c208eeb9d82a1cf155ac2/image/medium-c617bbcb634adbc418a6b22da257ee44.jpeg
portfolio,portfolio-06fe8778c4e41db8f82ea5d55bda020c9bfa2da5.jpg,"By combining microneedling with fractional laser, we trigger deep collagen renewal, refine…",https://static.glossgenius.com/public/portfolioimage/06fe8778c4e41db8f82ea5d55bda020c9bfa2da5/image/medium-718248f6753e0683d8386e42d5aaefb9.jpeg
portfolio,portfolio-1076a0ebcac1f97dc1665a0a894aeb4a66b219a6.jpg,Real client results at Land Aesthetics,https://static.glossgenius.com/public/portfolioimage/1076a0ebcac1f97dc1665a0a894aeb4a66b219a6/image/medium-0e30c6d846494bb9d8c2c7e2086d81c8.jpeg
portfolio,portfolio-13d3364e0df9d0a749e89669d0404b2cc4d2226c.jpg,"IPL in action ✨\nTargeting sun-induced brown spots on the chest to reveal a brighter, more…",https://static.glossgenius.com/public/portfolioimage/13d3364e0df9d0a749e89669d0404b2cc4d2226c/image/medium-09631e62c24df714b3126b5a123eccef.jpeg
portfolio,portfolio-184daf4ee3786126287308d62cf81cfa8c78b1ae.jpg,Tone and texture improvement with Microneedling and fractional laser.,https://static.glossgenius.com/public/portfolioimage/184daf4ee3786126287308d62cf81cfa8c78b1ae/image/medium-00ccb93396be7f83cfdb5f13ae202a18.jpeg
portfolio,portfolio-1974d5f920d59244749aa3b413db6680d7e0356a.jpg,Laser Tattoo Removal -\n\nOne session in… and the ink is already lifting 👀✨🔥,https://static.glossgenius.com/public/portfolioimage/1974d5f920d59244749aa3b413db6680d7e0356a/image/medium-3359b78a4d8617fa8173e3ef1957d11f.jpeg
portfolio,portfolio-1c879a77a22dc7e14211d8a44400cda47ccd54fe.jpg,Even tone starts here ✨\nIPL works beneath the surface to reduce brown spots and restore…,https://static.glossgenius.com/public/portfolioimage/1c879a77a22dc7e14211d8a44400cda47ccd54fe/image/medium-2825ae751c0990d75ad06b6d8657bf00.jpeg
portfolio,portfolio-1fe1e19e2029390b0957e7204b3e9713930b44e8.jpg,IPL doing its thing ✨ Brown spots lifting right to the surface 👀🔥,https://static.glossgenius.com/public/portfolioimage/1fe1e19e2029390b0957e7204b3e9713930b44e8/image/medium-f0e8b37cfd284877bb8bcc6c885b369b.jpeg
portfolio,portfolio-1ff9b1107538e8008af592b3a1e08874db346ba5.jpg,Real client results at Land Aesthetics,https://static.glossgenius.com/public/portfolioimage/1ff9b1107538e8008af592b3a1e08874db346ba5/image/medium-8e5dbac5d2d14753acd345d460bcbe75.jpeg
portfolio,portfolio-2054ff86a798aa3c645b764f9fc154b625a5cd22.jpg,Revitalize your skin with Vivace Microneedling + Radio Frequency – the ultimate treatment…,https://static.glossgenius.com/public/portfolioimage/2054ff86a798aa3c645b764f9fc154b625a5cd22/image/medium-a892be30298f7def5df9d95c637f11af.jpeg
portfolio,portfolio-21bc8de99010874cfe465c0bcbe5fc21f7177ba4.jpg,Three sessions in… and look at that ink breaking up! ✍🏻🔥\nEven one of the hardest colors…,https://static.glossgenius.com/public/portfolioimage/21bc8de99010874cfe465c0bcbe5fc21f7177ba4/image/medium-56e2754d646595b8306099403f5430c5.jpeg
portfolio,portfolio-22e3b992fadf768bc00bfd2ef6c2cc45465ac3c6.jpg,IPL and Q switch will remove brown spots!,https://static.glossgenius.com/public/portfolioimage/22e3b992fadf768bc00bfd2ef6c2cc45465ac3c6/image/medium-756e104f44d8512da7be9bcd6c8ae1a8.jpeg
portfolio,portfolio-2715b06fef51bb702f80495de15ff3e5c7948e1d.jpg,From textured to flawless ✨\nMicroneedling stimulates healing and smooths acne scars for a…,https://static.glossgenius.com/public/portfolioimage/2715b06fef51bb702f80495de15ff3e5c7948e1d/image/medium-642dbb0779c4d6cbf0defda0a2213654.jpeg
portfolio,portfolio-28cd7b97379e43889e1178ec1e001ae9a9206dff.jpg,Real client results at Land Aesthetics,https://static.glossgenius.com/public/portfolioimage/28cd7b97379e43889e1178ec1e001ae9a9206dff/image/medium-eb559119378df58a493baab2afebc1bd.jpeg
portfolio,portfolio-2965deb83cd813db178157aa4f304e9ad0e77c77.jpg,"Say goodbye to acne and scarring – it’s time for clear, smooth skin that speaks confidence!",https://static.glossgenius.com/public/portfolioimage/2965deb83cd813db178157aa4f304e9ad0e77c77/image/medium-8746d7e4ae62bb3d914122a28a053e52.jpeg
portfolio,portfolio-327f35878f0901f004f77834951c35154e3f609f.jpg,"IPL helps fade redness and uneven pigmentation caused by poikiloderma of Civatte,…",https://static.glossgenius.com/public/portfolioimage/327f35878f0901f004f77834951c35154e3f609f/image/medium-91b5d306f822a0f5727e9d4b24b4baed.jpeg
portfolio,portfolio-35a43233edec7b1f0eb3e4ab65c3c2b6b420de6c.jpg,Real client results at Land Aesthetics,https://static.glossgenius.com/public/portfolioimage/35a43233edec7b1f0eb3e4ab65c3c2b6b420de6c/image/medium-e851acd47b7bba1ccd1f9e81b2f907fd.jpeg
portfolio,portfolio-3b99a0f9e75a0a43c8c1d339d190b7e0b2e7595a.jpg,From breakouts to glow-ups—microneedling turned her scars into stars!,https://static.glossgenius.com/public/portfolioimage/3b99a0f9e75a0a43c8c1d339d190b7e0b2e7595a/image/medium-522d2518db9aecb4d3d4b00949f7ebb2.jpeg
portfolio,portfolio-3cc427c9b65c16785fe8cb365b68261b0b1a2224.jpg,"Laser Resurfacing-\n\nSmoother forehead, stronger confidence 🔥✨ Laser results you can see 💪",https://static.glossgenius.com/public/portfolioimage/3cc427c9b65c16785fe8cb365b68261b0b1a2224/image/medium-187d98c0a931bdec70a1ea745e89f25b.jpeg
portfolio,portfolio-3d049ddc99535e57e40c06cd61dc0da2000deb2a.jpg,"Cleaning up that low hairline with laser ✨🔥 Smooth, sharp, flawless 💁‍♀️💥",https://static.glossgenius.com/public/portfolioimage/3d049ddc99535e57e40c06cd61dc0da2000deb2a/image/medium-e05efce22af1c0e2da3bfd7724c969de.jpeg
portfolio,portfolio-40e5b09fd3302456af578ee7022ed9faf18af4ca.jpg,"Deep lines don’t stand a chance 🔥\nLaser resurfacing smooths, resurfaces, and revitalizes…",https://static.glossgenius.com/public/portfolioimage/40e5b09fd3302456af578ee7022ed9faf18af4ca/image/medium-7eda8bf9f57679a217190d98648cb393.jpeg
portfolio,portfolio-4304b31e9518be487443a343ae540a78b29cc933.jpg,Real client results at Land Aesthetics,https://static.glossgenius.com/public/portfolioimage/4304b31e9518be487443a343ae540a78b29cc933/image/medium-4d4716dde4582025d18e3e42cbb57d9e.jpeg
portfolio,portfolio-432c9b6961dc5bbf065468b94d9b65c63484f99c.jpg,Say goodbye to brown spots and hello to radiant skin with medical-grade treatments that…,https://static.glossgenius.com/public/portfolioimage/432c9b6961dc5bbf065468b94d9b65c63484f99c/image/medium-578e23b3c7119425f349f74cfb98b695.jpeg
portfolio,portfolio-44e82136cfa9f64445191318628f33d15bd41f82.jpg,"✨ In just 2 minutes, laser treatment cleared these broken capillaries — goodbye redness,…",https://static.glossgenius.com/public/portfolioimage/44e82136cfa9f64445191318628f33d15bd41f82/image/medium-3ccc64557f47c9721d04cae77fcf143f.jpeg
portfolio,portfolio-4955ae24d55902c6dd4b84d37c75b3cc95b3334a.jpg,Real client results at Land Aesthetics,https://static.glossgenius.com/public/portfolioimage/4955ae24d55902c6dd4b84d37c75b3cc95b3334a/image/medium-3926d88ff8fbba17994dbd09754f168e.jpeg
portfolio,portfolio-4d49f57886d402d7683befc3a65b57988ad37678.jpg,Real client results at Land Aesthetics,https://static.glossgenius.com/public/portfolioimage/4d49f57886d402d7683befc3a65b57988ad37678/image/medium-180036f668d0dbc236b2f41425a4bca4.jpeg
portfolio,portfolio-6407b9e2bde42caddcaad8e118c3c12afadbd204.jpg,Real client results at Land Aesthetics,https://static.glossgenius.com/public/portfolioimage/6407b9e2bde42caddcaad8e118c3c12afadbd204/image/medium-98b59a2ec7c490b840f1be8bac5a9ad0.jpeg
portfolio,portfolio-7072704371cd663cb55e2cc10b2d96c51b0f0493.jpg,"Using IPL and long-pulse YAG, we safely target visible vessels to reduce redness and…",https://static.glossgenius.com/public/portfolioimage/7072704371cd663cb55e2cc10b2d96c51b0f0493/image/medium-46b7e42796542e3daf06f919290f3ee8.jpeg
portfolio,portfolio-71027ee4064e510f30db79a0275418fd236acb57.jpg,Real client results at Land Aesthetics,https://static.glossgenius.com/public/portfolioimage/71027ee4064e510f30db79a0275418fd236acb57/image/medium-afd8fc00e072c6e1f9c03e36eae54582.jpeg
portfolio,portfolio-74a85422d13bcde259dcf4fdc7c01a711e535119.jpg,"Melasma, we see you, but it’s time to lighten up and fade away!",https://static.glossgenius.com/public/portfolioimage/74a85422d13bcde259dcf4fdc7c01a711e535119/image/medium-1ec9662038875d714bd780ac5bd07aad.jpeg
portfolio,portfolio-77bf33ebd60485b5158ff1213d8319d79d32585b.jpg,She didn’t even know it 👀✨\nIPL lifted years of hidden sun damage from her forehead—hello…,https://static.glossgenius.com/public/portfolioimage/77bf33ebd60485b5158ff1213d8319d79d32585b/image/medium-6cbeee1336d4b3f947f8cc90c5c4c72f.jpeg
portfolio,portfolio-8220dd4185875244d59160dbd1d74c0e93e2d159.jpg,Real client results at Land Aesthetics,https://static.glossgenius.com/public/portfolioimage/8220dd4185875244d59160dbd1d74c0e93e2d159/image/medium-a63dd4cdb07f8b66df942097d64c831e.jpeg
portfolio,portfolio-83183420fb3971b71e11d940b1b7e17690281855.jpg,"Unlock radiant, rejuvenated skin with the power of Vivace Microneedling, CO2 Lift Mask,…",https://static.glossgenius.com/public/portfolioimage/83183420fb3971b71e11d940b1b7e17690281855/image/medium-efd03c73f63315993db8f271bad140a3.jpeg
portfolio,portfolio-8b35e6941c3178e2ada497f3ae688bd764c0369b.jpg,"Acne scars: the stories our skin has written, now ready to be rewritten.",https://static.glossgenius.com/public/portfolioimage/8b35e6941c3178e2ada497f3ae688bd764c0369b/image/medium-02e41f7c50dfb0ccb6d01765dacab739.jpeg
portfolio,portfolio-8d914ba64337d0824ea38dd656bc1f6c461b7b36.jpg,Say goodbye to acne scars and hello to confidence ✨\nThis transformation was achieved using…,https://static.glossgenius.com/public/portfolioimage/8d914ba64337d0824ea38dd656bc1f6c461b7b36/image/medium-50856a68bb980802b7a8a8c2bac2d5a5.jpeg
portfolio,portfolio-902f2c9098ed0a001c7314a5c10958475651a141.jpg,Real client results at Land Aesthetics,https://static.glossgenius.com/public/portfolioimage/902f2c9098ed0a001c7314a5c10958475651a141/image/medium-dfbc0f9cfa36abb2695f0ae06a9647dc.jpeg
portfolio,portfolio-94f498f1634ca8728b99e738395788e5e8c951d7.jpg,✨ Even tone. Smoother texture. Real skin. ✨\nJust a few sessions in and you can already see…,https://static.glossgenius.com/public/portfolioimage/94f498f1634ca8728b99e738395788e5e8c951d7/image/medium-ee65eacc9cc8704426af4cba775f2965.jpeg
portfolio,portfolio-ab8f3e3cd01df4cfa7a99faa860e9099ab6c65f2.jpg,"VI Peel: Reveal smoother, brighter skin with a treatment that targets imperfections at…",https://static.glossgenius.com/public/portfolioimage/ab8f3e3cd01df4cfa7a99faa860e9099ab6c65f2/image/medium-d25093a9fc2c875fc8cc6b3527a76064.jpeg
portfolio,portfolio-adbfb0b91709c9a47abf159b4a4e805596338125.jpg,Only the best for your skin ✨\nLand Aesthetics uses the Rohrer Aesthetics Laser to deliver…,https://static.glossgenius.com/public/portfolioimage/adbfb0b91709c9a47abf159b4a4e805596338125/image/medium-75f45e3b3fd1c1de6397386c82c44cc7.jpeg
portfolio,portfolio-b0629027a08d325b9ceca9f3beb76e76837ed2b6.jpg,"Texture transformation in action ✨💉\nMicroneedling smooths, refines, and revives your skin…",https://static.glossgenius.com/public/portfolioimage/b0629027a08d325b9ceca9f3beb76e76837ed2b6/image/medium-9e2523d64418eb4e11f9cd05d1fd3462.jpeg
portfolio,portfolio-b1d05f01485b1de072097443cc1ae08c5e389b27.jpg,"Melasma, meet your match! Let’s lighten up that stubborn skin and send those spots packing…",https://static.glossgenius.com/public/portfolioimage/b1d05f01485b1de072097443cc1ae08c5e389b27/image/medium-782b6de121c132d1233ea50e9e8030ce.jpeg
portfolio,portfolio-b1f86e1b17c1409576d6950a7c8aea749882eb9a.jpg,A baby peel with Dermaplane treatment and a CO2 lift mask leaves the skin ultra-smooth and…,https://static.glossgenius.com/public/portfolioimage/b1f86e1b17c1409576d6950a7c8aea749882eb9a/image/medium-327e96bb2af0b78424df8ff2cba72c2f.jpeg
portfolio,portfolio-b2582ddf4278f6428b7ae61b70a938fc80300ce0.jpg,"✨ Laser Hair Removal helps get rid of unwanted hair, leaving skin smooth, soft, and…",https://static.glossgenius.com/public/portfolioimage/b2582ddf4278f6428b7ae61b70a938fc80300ce0/image/medium-6e1231659fa5ea78b834837cf14bb4f7.jpeg
portfolio,portfolio-b4128ed773172b4cdb04b840870f71623cdcd821.jpg,"large pore reduction with microneedling + laser resurfacing, highlighting texture and pore…",https://static.glossgenius.com/public/portfolioimage/b4128ed773172b4cdb04b840870f71623cdcd821/image/medium-b262d0f7bad07b509e65034609e08e3e.jpeg
portfolio,portfolio-bf986777b159ea94d141c92ecb9ae01fdb0a2767.jpg,Real client results at Land Aesthetics,https://static.glossgenius.com/public/portfolioimage/bf986777b159ea94d141c92ecb9ae01fdb0a2767/image/medium-000cd3ed6cc97f4889c8e33d1fbf1a58.jpeg
portfolio,portfolio-c792537fefbed26db46f197ed87c898a3cb3858f.jpg,VI PEEL Transforms,https://static.glossgenius.com/public/portfolioimage/c792537fefbed26db46f197ed87c898a3cb3858f/image/medium-525a883eedc6195b6f133a82496fae26.jpeg
portfolio,portfolio-d3f37678b087f21a3af55bbb0eb8d4573b9e4e60.jpg,"The CO2 Lift Mask tricks your skin into healing mode—boosting oxygen, calming redness, and…",https://static.glossgenius.com/public/portfolioimage/d3f37678b087f21a3af55bbb0eb8d4573b9e4e60/image/medium-780acf0c20d98b4b9bb949a9973b4ab3.jpeg
portfolio,portfolio-d4d0cfeea5a8f3344d420dd10b22bd74436e2b5e.jpg,Real client results at Land Aesthetics,https://static.glossgenius.com/public/portfolioimage/d4d0cfeea5a8f3344d420dd10b22bd74436e2b5e/image/medium-5dfab738c470e2e9057df15ee1af88c2.jpeg
portfolio,portfolio-da735cca0b073c49078a1f4dcb4f8bbbf227df3c.jpg,✨ Before ➡️ 3 sessions in ✨\nLaser Tattoo Removal doing what it does best ⚡️\nLook at the…,https://static.glossgenius.com/public/portfolioimage/da735cca0b073c49078a1f4dcb4f8bbbf227df3c/image/medium-14c6e39a593d377d00d3f11ec1706384.jpeg
portfolio,portfolio-dd77d4220f90f8da62a1c1708ea813f51f4d9add.jpg,Not all brown spots are freckles 👀✨\nQ-Switched laser targets stubborn pigmented lesions…,https://static.glossgenius.com/public/portfolioimage/dd77d4220f90f8da62a1c1708ea813f51f4d9add/image/medium-baae4e30372bdb244ee830b645bf0706.jpeg
portfolio,portfolio-e45e224a297efde7f23529fa90544921acb74aee.jpg,Reset your skin in 7 days with a VI PEEL,https://static.glossgenius.com/public/portfolioimage/e45e224a297efde7f23529fa90544921acb74aee/image/medium-ecc9d50801b641d7654ffe3585918810.jpeg
portfolio,portfolio-eb39a5eb3641090c77d62a910a38d4a20c261653.jpg,Real client results at Land Aesthetics,https://static.glossgenius.com/public/portfolioimage/eb39a5eb3641090c77d62a910a38d4a20c261653/image/medium-c09df489b8e03b1f2eb5056713c68f35.jpeg
portfolio,portfolio-fc90e057fa77a5364d60dfb737f760ce3852c912.jpg,VI Peel: Because your old skin called—it’s ready to retire. Glow-up incoming!,https://static.glossgenius.com/public/portfolioimage/fc90e057fa77a5364d60dfb737f760ce3852c912/image/medium-7a6e31296245aef93012157b985437e4.jpeg
cover,cover-5e47ae160cb723e8e3484e6e1f932df0.jpg,Website cover image,https://static.glossgenius.com/public/salon/5e47ae160cb723e8e3484e6e1f932df0f55a071d/website_cover_image/dcc841955e6e91d4e5931c3312796309.jpeg
cover,cover-5e47ae160cb723e8e3484e6e1f932df0.jpg,Website cover image,https://static.glossgenius.com/public/salon/5e47ae160cb723e8e3484e6e1f932df0f55a071d/website_cover_image/medium-d0ce57a15b673f37edd959a79ec008ea.jpeg
service,service-01151be4b1fe95744ee5ea1eba9fb18fe63a6de7-6606e6fbdf3d39622e7900f3aabfe66e.jpg,Service photo,https://static.glossgenius.com/public/service/01151be4b1fe95744ee5ea1eba9fb18fe63a6de7/image/6606e6fbdf3d39622e7900f3aabfe66e.jpg
service,service-02a2d3ebb22978e83b78ff60f216a9acaa7bf15e-04ac204ac9dd5bfd0ae6b6f2eaf307ac.jpg,Service photo,https://static.glossgenius.com/public/service/02a2d3ebb22978e83b78ff60f216a9acaa7bf15e/image/04ac204ac9dd5bfd0ae6b6f2eaf307ac.jpg
service,service-05c3906e0d6ab98e3ac60fb148a5625139d25bed-6b9dace0efbe20a7b4d638ab0632a905.jpg,Service photo,https://static.glossgenius.com/public/service/05c3906e0d6ab98e3ac60fb148a5625139d25bed/image/6b9dace0efbe20a7b4d638ab0632a905.jpg
service,service-08520d2fc0a6671389c5b0fdbe29bc516f897f7f-ee3a60d7485b0a5c5c3132525777e6c1.jpg,Service photo,https://static.glossgenius.com/public/service/08520d2fc0a6671389c5b0fdbe29bc516f897f7f/image/ee3a60d7485b0a5c5c3132525777e6c1.jpg
service,service-0a85d59719a8a248d8c63355aba697c29557e0f4-4852284d14fd4a137f3a0c51ad04098c.jpg,Service photo,https://static.glossgenius.com/public/service/0a85d59719a8a248d8c63355aba697c29557e0f4/image/4852284d14fd4a137f3a0c51ad04098c.jpg
service,service-0e78fb461871308e9f3d6bf034465a1970fe556b-fccf1d7609284f6c6b0e6c713d3c6980.jpg,Service photo,https://static.glossgenius.com/public/service/0e78fb461871308e9f3d6bf034465a1970fe556b/image/fccf1d7609284f6c6b0e6c713d3c6980.jpg
service,service-1056f3cc281fc34f1f856696e09274069fea129f-59ec393dadd5c0cd4254745a77a95046.jpg,Service photo,https://static.glossgenius.com/public/service/1056f3cc281fc34f1f856696e09274069fea129f/image/59ec393dadd5c0cd4254745a77a95046.jpg
service,service-119aeb1ac38af4036f0073698b6454e5c6c5779b-b1a41dd5962381d59052547e869b0f9d.jpg,Service photo,https://static.glossgenius.com/public/service/119aeb1ac38af4036f0073698b6454e5c6c5779b/image/b1a41dd5962381d59052547e869b0f9d.jpg
service,service-1807aef1a787d3c9bf260c800af75a3414b7a80c-a40789450fe421c4a4b2655e4505e523.jpg,Service photo,https://static.glossgenius.com/public/service/1807aef1a787d3c9bf260c800af75a3414b7a80c/image/a40789450fe421c4a4b2655e4505e523.jpg
service,service-1dff14133d3e6a1db57c4faad08eb30c06ce9354-a88f021b612c36171c1900f57f76e38a.jpg,Service photo,https://static.glossgenius.com/public/service/1dff14133d3e6a1db57c4faad08eb30c06ce9354/image/a88f021b612c36171c1900f57f76e38a.jpg
service,service-1e19452d5f59592bf8228af91298b6c9b80078f7-31536888782170bedd7a07b41285e446.jpg,Service photo,https://static.glossgenius.com/public/service/1e19452d5f59592bf8228af91298b6c9b80078f7/image/31536888782170bedd7a07b41285e446.jpg
service,service-2279f5fe05fd35940d2c25ac03260190d5a84a48-93cde8fa83a39dfa897696b3dc027cc2.jpg,Service photo,https://static.glossgenius.com/public/service/2279f5fe05fd35940d2c25ac03260190d5a84a48/image/93cde8fa83a39dfa897696b3dc027cc2.jpg
service,service-27a71b55010d6f4ca02932ac30d2e6f0f3d52a9d-56653d5734768187516b17526bf40f31.jpg,Service photo,https://static.glossgenius.com/public/service/27a71b55010d6f4ca02932ac30d2e6f0f3d52a9d/image/56653d5734768187516b17526bf40f31.jpg
service,service-28355135edcc456c2ae02771ae36511c8ab658b6-a2edaeae13f6ba068bb7552dc5e89772.jpg,Service photo,https://static.glossgenius.com/public/service/28355135edcc456c2ae02771ae36511c8ab658b6/image/a2edaeae13f6ba068bb7552dc5e89772.jpg
service,service-31a163e44f1f917222b4345deabad88af9fd92dd-91c7ac020ae051c1d98c1638fc0c0fdb.jpg,Service photo,https://static.glossgenius.com/public/service/31a163e44f1f917222b4345deabad88af9fd92dd/image/91c7ac020ae051c1d98c1638fc0c0fdb.jpg
service,service-39c012602cd8ebfcc24e02e1c63cc551d7a7d358-61d9c527e359713f539d2016db825c0b.jpg,Service photo,https://static.glossgenius.com/public/service/39c012602cd8ebfcc24e02e1c63cc551d7a7d358/image/61d9c527e359713f539d2016db825c0b.jpg
service,service-3c2791d3a2e2601d16417a8d2cc42b2d68f3fbfc-ce9511afe9020747c1b37c1c8ad338a2.jpg,Service photo,https://static.glossgenius.com/public/service/3c2791d3a2e2601d16417a8d2cc42b2d68f3fbfc/image/ce9511afe9020747c1b37c1c8ad338a2.jpg
service,service-3e6c288a7f11aeefda2afdf9a25131d44f5eab6d-d9c870580471c455424889def073c5f8.jpg,Service photo,https://static.glossgenius.com/public/service/3e6c288a7f11aeefda2afdf9a25131d44f5eab6d/image/d9c870580471c455424889def073c5f8.jpg
service,service-4039527a716257b8c9b43ac26dbbf0ad4d372515-ef79c9f0673ff1f55d413f8d039f6296.jpg,Service photo,https://static.glossgenius.com/public/service/4039527a716257b8c9b43ac26dbbf0ad4d372515/image/ef79c9f0673ff1f55d413f8d039f6296.jpg
service,service-4151f761902b17df378ac8b7bcfb620883d13989-4f62bd1080b5c5c0105e64506ee86d63.jpg,Service photo,https://static.glossgenius.com/public/service/4151f761902b17df378ac8b7bcfb620883d13989/image/4f62bd1080b5c5c0105e64506ee86d63.jpg
service,service-418d222e5d469b1dc708d0c79ddb89a269648a0e-a22847176690c027272a3dc1748979f8.jpg,Service photo,https://static.glossgenius.com/public/service/418d222e5d469b1dc708d0c79ddb89a269648a0e/image/a22847176690c027272a3dc1748979f8.jpg
service,service-43af288b735d7731121891677e94380c2661d88c-98942336ed6b52067ec95724114fad84.jpg,Service photo,https://static.glossgenius.com/public/service/43af288b735d7731121891677e94380c2661d88c/image/98942336ed6b52067ec95724114fad84.jpg
service,service-440fa7ed6535d732ed6a02db5530d12a1d3437a3-6a2ba239d7079302494ff1ddbadee677.jpg,Service photo,https://static.glossgenius.com/public/service/440fa7ed6535d732ed6a02db5530d12a1d3437a3/image/6a2ba239d7079302494ff1ddbadee677.jpg
service,service-4561b35cc229c7656b70922d806eb0a407c0198c-2ec97286304fcb014c51c7674327a851.jpg,Service photo,https://static.glossgenius.com/public/service/4561b35cc229c7656b70922d806eb0a407c0198c/image/2ec97286304fcb014c51c7674327a851.jpg
service,service-47f57afdefa7cb3076bc0796152d95251f9bac90-9ab001254219f0ad9f899ec3489275a7.jpg,Service photo,https://static.glossgenius.com/public/service/47f57afdefa7cb3076bc0796152d95251f9bac90/image/9ab001254219f0ad9f899ec3489275a7.jpg
service,service-48ac74640722e9ef9f1122415855cdd3866b0c7a-3b3c079cbe9b8166441331cf9381303f.jpg,Service photo,https://static.glossgenius.com/public/service/48ac74640722e9ef9f1122415855cdd3866b0c7a/image/3b3c079cbe9b8166441331cf9381303f.jpg
service,service-4b08960c9bc1bf7ddfe8ee038943b49541235527-b96181815f2df7212221751ac7b712db.jpg,Service photo,https://static.glossgenius.com/public/service/4b08960c9bc1bf7ddfe8ee038943b49541235527/image/b96181815f2df7212221751ac7b712db.jpg
service,service-4b105c830aec9c6c54e6a155bb62d7c108dddb0f-820796d8d015ec35b11e22e519d47e10.jpg,Service photo,https://static.glossgenius.com/public/service/4b105c830aec9c6c54e6a155bb62d7c108dddb0f/image/820796d8d015ec35b11e22e519d47e10.jpg
service,service-5359f528ae561ab06be489dda21468749f9994a7-55ce8225c798bd15a05b1a5dca5aa252.jpg,Service photo,https://static.glossgenius.com/public/service/5359f528ae561ab06be489dda21468749f9994a7/image/55ce8225c798bd15a05b1a5dca5aa252.jpg
service,service-550cf59196253959beb10d27b993669f591fc0bf-80278c76a6a6c8eed76992903f80d350.jpg,Service photo,https://static.glossgenius.com/public/service/550cf59196253959beb10d27b993669f591fc0bf/image/80278c76a6a6c8eed76992903f80d350.jpg
service,service-5659ed22df749f7787e67a60f61d29c96573838e-3c06a0b5cd7665f00ece63221edffd71.jpg,Service photo,https://static.glossgenius.com/public/service/5659ed22df749f7787e67a60f61d29c96573838e/image/3c06a0b5cd7665f00ece63221edffd71.jpg
service,service-56f9174837715c5bf11f8d096c3f28d186a27f29-183ab8cbc4857097da41cd0c95f77718.jpg,Service photo,https://static.glossgenius.com/public/service/56f9174837715c5bf11f8d096c3f28d186a27f29/image/183ab8cbc4857097da41cd0c95f77718.jpg
service,service-5bd88e7524181a38bc08efb27b8f617c3ee11654-1b0c42e1d68ff3ed501e9b2378c27752.jpg,Service photo,https://static.glossgenius.com/public/service/5bd88e7524181a38bc08efb27b8f617c3ee11654/image/1b0c42e1d68ff3ed501e9b2378c27752.jpg
service,service-5ea68fe958ba0a4309682727e7b331647b950246-310d020ca319e00737edbf6a0dc0c23c.jpg,Service photo,https://static.glossgenius.com/public/service/5ea68fe958ba0a4309682727e7b331647b950246/image/310d020ca319e00737edbf6a0dc0c23c.jpg
service,service-5fc7aa941751f42776fbd1c3f22f8bce04b6a1d4-db949e55113fb5da2e0326eed6ac312e.jpg,Service photo,https://static.glossgenius.com/public/service/5fc7aa941751f42776fbd1c3f22f8bce04b6a1d4/image/db949e55113fb5da2e0326eed6ac312e.jpg
service,service-636154f18b1567fbaced2fe11a22735556c77051-ebad9d2f8f74b739cb84b20b9fef8087.jpg,Service photo,https://static.glossgenius.com/public/service/636154f18b1567fbaced2fe11a22735556c77051/image/ebad9d2f8f74b739cb84b20b9fef8087.jpg
service,service-649f740f47525f9b9d28db5a7d633cf7c91872f1-bcf5e0adf2349528bbcd12bd54b2cb46.jpg,Service photo,https://static.glossgenius.com/public/service/649f740f47525f9b9d28db5a7d633cf7c91872f1/image/bcf5e0adf2349528bbcd12bd54b2cb46.jpg
service,service-64c7663d5ab9779109d6a301182eb77cbba3ecb9-42be158b2420c32dcdea8707eeb49f8b.jpg,Service photo,https://static.glossgenius.com/public/service/64c7663d5ab9779109d6a301182eb77cbba3ecb9/image/42be158b2420c32dcdea8707eeb49f8b.jpg
service,service-6c6e3b08b4daee72ede391139e60a5c5c32bbc35-caa90a350bfa5611c69eecb79e40b0e3.jpg,Service photo,https://static.glossgenius.com/public/service/6c6e3b08b4daee72ede391139e60a5c5c32bbc35/image/caa90a350bfa5611c69eecb79e40b0e3.jpg
service,service-6df63f2cafe99cd3e3a3ab3af2488afcdfbb8eaa-0b5514ecbb9a594121a0c7e47b1572b8.jpg,Service photo,https://static.glossgenius.com/public/service/6df63f2cafe99cd3e3a3ab3af2488afcdfbb8eaa/image/0b5514ecbb9a594121a0c7e47b1572b8.jpg
service,service-6e7484755812d7b883d75e0347faf8bfa4034a23-2708b5ea240f625ab29173955e190ca8.jpg,Service photo,https://static.glossgenius.com/public/service/6e7484755812d7b883d75e0347faf8bfa4034a23/image/2708b5ea240f625ab29173955e190ca8.jpg
service,service-761cf62be2266d9bce0740ebaa59fc971ef4fd51-0f54c5a7178b63123b8cfd3eae3acbcb.jpg,Service photo,https://static.glossgenius.com/public/service/761cf62be2266d9bce0740ebaa59fc971ef4fd51/image/0f54c5a7178b63123b8cfd3eae3acbcb.jpg
service,service-77a07dacb417b3531934799094b8826232c2704c-4d6d49e24679a3622d99ccbfea93f383.jpg,Service photo,https://static.glossgenius.com/public/service/77a07dacb417b3531934799094b8826232c2704c/image/4d6d49e24679a3622d99ccbfea93f383.jpg
service,service-7895131505b89c3b9720028423feeb260b2fd14c-0c43cb4d1972d73c765984a1af271a46.jpg,Service photo,https://static.glossgenius.com/public/service/7895131505b89c3b9720028423feeb260b2fd14c/image/0c43cb4d1972d73c765984a1af271a46.jpg
service,service-79beaec2cae049aed9a0a3acafc3a85ba21573a7-a0dd6a94501f884efd6224e2b7f3c5c0.jpg,Service photo,https://static.glossgenius.com/public/service/79beaec2cae049aed9a0a3acafc3a85ba21573a7/image/a0dd6a94501f884efd6224e2b7f3c5c0.jpg
service,service-79d72760c9bca51818ab83ea19e17c692f00beb8-34d01b1e7590dd3425cfba9890136e80.jpg,Service photo,https://static.glossgenius.com/public/service/79d72760c9bca51818ab83ea19e17c692f00beb8/image/34d01b1e7590dd3425cfba9890136e80.jpg
service,service-7af6bd4344b53e0716c100b1994b3d836079d89c-5bf0f43c1574a5bd229b5e9233e2cd86.jpg,Service photo,https://static.glossgenius.com/public/service/7af6bd4344b53e0716c100b1994b3d836079d89c/image/5bf0f43c1574a5bd229b5e9233e2cd86.jpg
service,service-7edfc793b4117399cca40d89689d39285db07895-adc2df6f7d96b9d5c203870e2a6ab304.jpg,Service photo,https://static.glossgenius.com/public/service/7edfc793b4117399cca40d89689d39285db07895/image/adc2df6f7d96b9d5c203870e2a6ab304.jpg
service,service-8148a348f6d64187fee374809aeeac45f1505382-fbe971da5615fe82b748e9abc096b895.jpg,Service photo,https://static.glossgenius.com/public/service/8148a348f6d64187fee374809aeeac45f1505382/image/fbe971da5615fe82b748e9abc096b895.jpg
service,service-83167bd07c64ca5dd88fe1dc0d845089c8430a77-3de637114c1a1a732990f08de0f5830b.jpg,Service photo,https://static.glossgenius.com/public/service/83167bd07c64ca5dd88fe1dc0d845089c8430a77/image/3de637114c1a1a732990f08de0f5830b.jpg
service,service-8462fe1948147b8a45dbcdfb92a5bb303f1a16d3-937126541797d69ad425f11f127ae9a4.jpg,Service photo,https://static.glossgenius.com/public/service/8462fe1948147b8a45dbcdfb92a5bb303f1a16d3/image/937126541797d69ad425f11f127ae9a4.jpg
service,service-85318aabf23ec7c0a5f84d6bc210bf4b051c000f-b89206b278aa331d63272e9155ef8033.jpg,Service photo,https://static.glossgenius.com/public/service/85318aabf23ec7c0a5f84d6bc210bf4b051c000f/image/b89206b278aa331d63272e9155ef8033.jpg
service,service-8c1ef8f780c0b4976a30cc6ae53ed821a60c6e4d-a1c9ccd4437d8d655eb979e67caede9f.jpg,Service photo,https://static.glossgenius.com/public/service/8c1ef8f780c0b4976a30cc6ae53ed821a60c6e4d/image/a1c9ccd4437d8d655eb979e67caede9f.jpg
service,service-8d2cf632271479c707f9dc7314c147e9808ad8c3-300822b15a233adfb0fbfcfcdb210586.jpg,Service photo,https://static.glossgenius.com/public/service/8d2cf632271479c707f9dc7314c147e9808ad8c3/image/300822b15a233adfb0fbfcfcdb210586.jpg
service,service-928f57ebdd10bce79a9d77e4a05e97617bc002c6-c071b6d8b2f7249b966920cb595278c1.jpg,Service photo,https://static.glossgenius.com/public/service/928f57ebdd10bce79a9d77e4a05e97617bc002c6/image/c071b6d8b2f7249b966920cb595278c1.jpg
service,service-9552c5cd31d6996a60e2c87b49615bcc326780cb-f06a3cf9b47597aa5721184237379a93.jpg,Service photo,https://static.glossgenius.com/public/service/9552c5cd31d6996a60e2c87b49615bcc326780cb/image/f06a3cf9b47597aa5721184237379a93.jpg
service,service-967284a03cfb157cbc350d6f5c93bafc3f92a33f-b3fa612cacdc1edc58c0fd07382eb9a7.jpg,Service photo,https://static.glossgenius.com/public/service/967284a03cfb157cbc350d6f5c93bafc3f92a33f/image/b3fa612cacdc1edc58c0fd07382eb9a7.jpg
service,service-968445b107e1610c62d5e48acd5f42d00d6fda7a-fd690ec9cee75fb3a04b9fddfa4c56c7.jpg,Service photo,https://static.glossgenius.com/public/service/968445b107e1610c62d5e48acd5f42d00d6fda7a/image/fd690ec9cee75fb3a04b9fddfa4c56c7.jpg
service,service-9ae89d513f14d71af4e55b14fdb54ecbd390b67e-2c0b18aa6bdc0f57e58fc34d09f57dbc.jpg,Service photo,https://static.glossgenius.com/public/service/9ae89d513f14d71af4e55b14fdb54ecbd390b67e/image/2c0b18aa6bdc0f57e58fc34d09f57dbc.jpg
service,service-a5db79d787fbb112c4fa26baa69fa3850a21d74b-437b79e767b0213b8147cd03df7bc478.jpg,Service photo,https://static.glossgenius.com/public/service/a5db79d787fbb112c4fa26baa69fa3850a21d74b/image/437b79e767b0213b8147cd03df7bc478.jpg
service,service-a73302396b92fafc2a9a23af506d2f0c68fef2e2-1eceb3f886f43ba3ed7a10d3b018ea38.jpg,Service photo,https://static.glossgenius.com/public/service/a73302396b92fafc2a9a23af506d2f0c68fef2e2/image/1eceb3f886f43ba3ed7a10d3b018ea38.jpg
service,service-a8339570a259f01d54a7de635c89b96c17024662-655ddc2b7aa3f2cdb6ada86dd0bed01a.jpg,Service photo,https://static.glossgenius.com/public/service/a8339570a259f01d54a7de635c89b96c17024662/image/655ddc2b7aa3f2cdb6ada86dd0bed01a.jpg
service,service-a92148066f890d15d775213cbc3b2de0d75369a6-7d4d690b12375407175a7045e67d7285.jpg,Service photo,https://static.glossgenius.com/public/service/a92148066f890d15d775213cbc3b2de0d75369a6/image/7d4d690b12375407175a7045e67d7285.jpg
service,service-a946c582637595ca7f6ed774548c8a20ec3ce2e5-94e7758d1724ada3f81c3512ca97828f.jpg,Service photo,https://static.glossgenius.com/public/service/a946c582637595ca7f6ed774548c8a20ec3ce2e5/image/94e7758d1724ada3f81c3512ca97828f.jpg
service,service-a9680aacd8388c0973a9e9e8ffcd7e63e664c92d-13c084a54fc60d08a46d89971bea5f49.jpg,Service photo,https://static.glossgenius.com/public/service/a9680aacd8388c0973a9e9e8ffcd7e63e664c92d/image/13c084a54fc60d08a46d89971bea5f49.jpg
service,service-ae22776d1302687298233d7653223b4db8f1d09e-fcdff0ae16ae4c11fdb63349eedb6fb8.jpg,Service photo,https://static.glossgenius.com/public/service/ae22776d1302687298233d7653223b4db8f1d09e/image/fcdff0ae16ae4c11fdb63349eedb6fb8.jpg
service,service-ae32b53575a8a74959776307880796419f22fb18-4f0267290f950d44b4e166a41cdcfb5a.jpg,Service photo,https://static.glossgenius.com/public/service/ae32b53575a8a74959776307880796419f22fb18/image/4f0267290f950d44b4e166a41cdcfb5a.jpg
service,service-b066cf043539a9af7351276e3939b09030d99c81-a59421eb6c2556d92563ba45a9c28a31.jpg,Service photo,https://static.glossgenius.com/public/service/b066cf043539a9af7351276e3939b09030d99c81/image/a59421eb6c2556d92563ba45a9c28a31.jpg
service,service-bbe76eed55e6d35a8b8cb4dee18833ecaeb1b363-7d5bf8eaa98e0e12fd640795677aa1f5.jpg,Service photo,https://static.glossgenius.com/public/service/bbe76eed55e6d35a8b8cb4dee18833ecaeb1b363/image/7d5bf8eaa98e0e12fd640795677aa1f5.jpg
service,service-c13837a2c5c69e4ca6e1a05ff41d4f151806c359-ec58e80f938a6809604548862765d39c.jpg,Service photo,https://static.glossgenius.com/public/service/c13837a2c5c69e4ca6e1a05ff41d4f151806c359/image/ec58e80f938a6809604548862765d39c.jpg
service,service-c1749b1ba5544ea99e50d785d5b08a7f6a0f5baf-62475e5738b4e0c7989cbc8e61cea7c9.jpg,Service photo,https://static.glossgenius.com/public/service/c1749b1ba5544ea99e50d785d5b08a7f6a0f5baf/image/62475e5738b4e0c7989cbc8e61cea7c9.jpg
service,service-c92109ea089a67ac2b831ed3ee3a4d6d640a00d3-d73ff87d18af6f9e2d9f2adf6fe6e95b.jpg,Service photo,https://static.glossgenius.com/public/service/c92109ea089a67ac2b831ed3ee3a4d6d640a00d3/image/d73ff87d18af6f9e2d9f2adf6fe6e95b.jpg
service,service-c9b0d7c8c565276e61c91c4ee11ad99cc3ab76f6-a0e5b9a4ca6014241c56f009cbd2e6dd.jpg,Service photo,https://static.glossgenius.com/public/service/c9b0d7c8c565276e61c91c4ee11ad99cc3ab76f6/image/a0e5b9a4ca6014241c56f009cbd2e6dd.jpg
service,service-c9f660ee31d7ebdbe1abdf2f8ed19806622c54d0-4d8eb2a4be456ccb9d3c1e02fce11177.jpg,Service photo,https://static.glossgenius.com/public/service/c9f660ee31d7ebdbe1abdf2f8ed19806622c54d0/image/4d8eb2a4be456ccb9d3c1e02fce11177.jpg
service,service-d1c347d768cce32dd80184709effabc75992c74d-d74b91480488d03e395c142cb2908d2e.jpg,Service photo,https://static.glossgenius.com/public/service/d1c347d768cce32dd80184709effabc75992c74d/image/d74b91480488d03e395c142cb2908d2e.jpg
service,service-d5909d693bebc8b9fe3094dd2039776374ea8422-318ce28f5ede66287201e78b0305ff72.jpg,Service photo,https://static.glossgenius.com/public/service/d5909d693bebc8b9fe3094dd2039776374ea8422/image/318ce28f5ede66287201e78b0305ff72.jpg
service,service-d7a7347fb97861f9d469bc3e1d84a8668f8bc49a-f54fce213a6f2f4648598e69ebb6dc79.jpg,Service photo,https://static.glossgenius.com/public/service/d7a7347fb97861f9d469bc3e1d84a8668f8bc49a/image/f54fce213a6f2f4648598e69ebb6dc79.jpg
service,service-d89d33eb7cab4d4e3ebbb1f472f5b65d87a793a4-74c5593efe9a3701c361aab9ab4fec41.jpg,Service photo,https://static.glossgenius.com/public/service/d89d33eb7cab4d4e3ebbb1f472f5b65d87a793a4/image/74c5593efe9a3701c361aab9ab4fec41.jpg
service,service-dd202a07093ce6e044c318c8cae022f16af0aec8-6a254a17caea02a4da9515a27134e7cd.jpg,Service photo,https://static.glossgenius.com/public/service/dd202a07093ce6e044c318c8cae022f16af0aec8/image/6a254a17caea02a4da9515a27134e7cd.jpg
service,service-e5f8cbafd0a3942bccc5666a17e7d77892af2deb-adad919a566c977374a0f0500b2d8ab2.jpg,Service photo,https://static.glossgenius.com/public/service/e5f8cbafd0a3942bccc5666a17e7d77892af2deb/image/adad919a566c977374a0f0500b2d8ab2.jpg
service,service-ec5ef3c00dc81e0dc1973903a9bffca1546f5df7-90033ee85715f1772e8ecbf0896f9053.jpg,Service photo,https://static.glossgenius.com/public/service/ec5ef3c00dc81e0dc1973903a9bffca1546f5df7/image/90033ee85715f1772e8ecbf0896f9053.jpg
service,service-f08d9b3cd451d70b1b37d3ab93abe87a1143ea53-1f08e0a3108a037a94acee1251d0da74.jpg,Service photo,https://static.glossgenius.com/public/service/f08d9b3cd451d70b1b37d3ab93abe87a1143ea53/image/1f08e0a3108a037a94acee1251d0da74.jpg
service,service-f2967cb81b61e11b17dde81d7843ff9bbf40b937-23efe5103370384d75c36c7c1e89d2cc.jpg,Service photo,https://static.glossgenius.com/public/service/f2967cb81b61e11b17dde81d7843ff9bbf40b937/image/23efe5103370384d75c36c7c1e89d2cc.jpg
service,service-f3cdf3ea47680c3c57c9f7c747d6e2d012820d8e-36655f6cc24b0dfd83d49bf72d33c1b8.jpg,Service photo,https://static.glossgenius.com/public/service/f3cdf3ea47680c3c57c9f7c747d6e2d012820d8e/image/36655f6cc24b0dfd83d49bf72d33c1b8.jpg
service,service-f4988e8cb8365dff20ff1a378c7f63e945236706-d18d25005ea1c5ff617b57209be0e81e.jpg,Service photo,https://static.glossgenius.com/public/service/f4988e8cb8365dff20ff1a378c7f63e945236706/image/d18d25005ea1c5ff617b57209be0e81e.jpg
other,99b0601b1c256620fb8cece2df69e3e6.png,,https://static.glossgenius.com/public/stockimage/f01063211ba10f08f02fd4354bee0415559de28f/image/99b0601b1c256620fb8cece2df69e3e6.png
other,c5d2196dfb9f256568a3e6b67f4fcc63.png,,https://static.glossgenius.com/public/user/431a21c95ac9ee3c651ac7602aa38af5ebfe2d83/avatar/c5d2196dfb9f256568a3e6b67f4fcc63.png
other,medium-4b5f659ec559b054e3a2eb290ee76c95.png,,https://static.glossgenius.com/public/user/431a21c95ac9ee3c651ac7602aa38af5ebfe2d83/avatar/medium-4b5f659ec559b054e3a2eb290ee76c95.png
other,small-43c41e0afc6b8d12d70a2a5352904932.png,,https://static.glossgenius.com/public/user/431a21c95ac9ee3c651ac7602aa38af5ebfe2d83/avatar/small-43c41e0afc6b8d12d70a2a5352904932.png
other,thumb-ad61262c29ce2468a0290d5a5ed3ded6.png,,https://static.glossgenius.com/public/user/431a21c95ac9ee3c651ac7602aa38af5ebfe2d83/avatar/thumb-ad61262c29ce2468a0290d5a5ed3ded6.png
